Ticket_ID,Created_Date,Closed_Date,Region,Team,Priority,SLA_Hours,TAT_Hours,SLA_Met,Reopened,Error_Count,Month
TKT-1001,2024-04-12 00:00:00,2024-04-14 12:00:00,EMEA,Team C,Medium,48,60,No,No,2,2024-04
TKT-1002,2024-04-12 00:00:00,2024-04-15 00:00:00,India,Team A,Low,72,72,Yes,No,1,2024-04
TKT-1003,2024-03-28 00:00:00,2024-03-28 16:00:00,India,Team A,High,24,16,Yes,No,1,2024-03
TKT-1004,2024-05-29 00:00:00,2024-05-31 11:00:00,India,Team B,Medium,48,59,No,No,0,2024-05
TKT-1005,2024-10-20 00:00:00,2024-10-21 08:00:00,APAC,Team A,High,24,32,No,No,0,2024-10
TKT-1006,2024-06-09 00:00:00,2024-06-12 18:00:00,India,Team C,Low,72,90,No,No,2,2024-06
TKT-1007,2024-02-28 00:00:00,2024-03-02 05:00:00,India,Team C,Low,72,77,No,No,1,2024-02
TKT-1008,2024-09-27 00:00:00,2024-09-29 18:00:00,India,Team B,Low,72,66,Yes,No,2,2024-09
TKT-1009,2024-11-02 00:00:00,2024-11-04 16:00:00,APAC,Team A,Medium,48,64,No,No,2,2024-11
TKT-1010,2024-11-11 00:00:00,2024-11-13 17:00:00,India,Team C,Low,72,65,Yes,No,2,2024-11
TKT-1011,2024-12-05 00:00:00,2024-12-05 23:00:00,NA,Team B,High,24,23,Yes,No,2,2024-12
TKT-1012,2024-02-04 00:00:00,2024-02-05 23:00:00,EMEA,Team B,Medium,48,47,Yes,No,3,2024-02
TKT-1013,2024-02-23 00:00:00,2024-02-24 07:00:00,India,Team C,High,24,31,No,No,1,2024-02
TKT-1014,2024-08-05 00:00:00,2024-08-08 08:00:00,APAC,Team B,Low,72,80,No,No,3,2024-08
TKT-1015,2024-08-02 00:00:00,2024-08-04 22:00:00,EMEA,Team B,Medium,48,70,No,Yes,5,2024-08
TKT-1016,2024-09-08 00:00:00,2024-09-11 12:00:00,NA,Team A,Medium,48,84,No,No,2,2024-09
TKT-1017,2024-03-05 00:00:00,2024-03-05 20:00:00,APAC,Team B,High,24,20,Yes,No,0,2024-03
TKT-1018,2024-12-09 00:00:00,2024-12-10 00:00:00,APAC,Team A,High,24,24,Yes,No,1,2024-12
TKT-1019,2024-03-21 00:00:00,2024-03-24 10:00:00,EMEA,Team A,Medium,48,82,No,Yes,7,2024-03
TKT-1020,2024-02-17 00:00:00,2024-02-19 15:00:00,India,Team C,Medium,48,63,No,No,3,2024-02
TKT-1021,2024-02-04 00:00:00,2024-02-07 03:00:00,EMEA,Team C,Low,72,75,No,No,1,2024-02
TKT-1022,2024-05-10 00:00:00,2024-05-11 10:00:00,India,Team A,High,24,34,No,Yes,4,2024-05
TKT-1023,2024-12-11 00:00:00,2024-12-14 00:00:00,NA,Team C,Low,72,72,Yes,No,0,2024-12
TKT-1024,2024-06-27 00:00:00,2024-06-29 02:00:00,NA,Team C,High,24,50,No,No,0,2024-06
TKT-1025,2024-08-28 00:00:00,2024-09-01 14:00:00,NA,Team C,Low,72,110,No,No,3,2024-08
TKT-1026,2024-05-22 00:00:00,2024-05-23 13:00:00,India,Team A,High,24,37,No,No,2,2024-05
TKT-1027,2024-10-10 00:00:00,2024-10-13 03:00:00,APAC,Team A,Medium,48,75,No,Yes,5,2024-10
TKT-1028,2024-11-26 00:00:00,2024-11-28 14:00:00,EMEA,Team C,Medium,48,62,No,No,1,2024-11
TKT-1029,2024-08-18 00:00:00,2024-08-19 06:00:00,India,Team A,High,24,30,No,No,3,2024-08
TKT-1030,2024-08-20 00:00:00,2024-08-23 16:00:00,APAC,Team B,Low,72,88,No,No,1,2024-08
TKT-1031,2024-05-16 00:00:00,2024-05-19 15:00:00,EMEA,Team B,Low,72,87,No,No,2,2024-05
TKT-1032,2024-11-10 00:00:00,2024-11-11 03:00:00,NA,Team A,High,24,27,No,No,2,2024-11
TKT-1033,2024-10-21 00:00:00,2024-10-22 08:00:00,India,Team A,High,24,32,No,No,2,2024-10
TKT-1034,2024-07-05 00:00:00,2024-07-07 04:00:00,APAC,Team B,High,24,52,No,No,2,2024-07
TKT-1035,2024-08-11 00:00:00,2024-08-13 11:00:00,EMEA,Team B,High,24,59,No,No,2,2024-08
TKT-1036,2024-08-05 00:00:00,2024-08-07 10:00:00,NA,Team B,Medium,48,58,No,No,3,2024-08
TKT-1037,2024-09-11 00:00:00,2024-09-14 11:00:00,APAC,Team A,Low,72,83,No,Yes,4,2024-09
TKT-1038,2024-04-06 00:00:00,2024-04-08 05:00:00,India,Team B,Medium,48,53,No,No,1,2024-04
TKT-1039,2024-12-14 00:00:00,2024-12-15 17:00:00,EMEA,Team C,High,24,41,No,No,2,2024-12
TKT-1040,2024-05-26 00:00:00,2024-05-30 06:00:00,India,Team C,Low,72,102,No,No,1,2024-05
TKT-1041,2024-05-07 00:00:00,2024-05-09 02:00:00,India,Team A,High,24,50,No,Yes,4,2024-05
TKT-1042,2024-10-24 00:00:00,2024-10-25 19:00:00,EMEA,Team C,Medium,48,43,Yes,No,3,2024-10
TKT-1043,2024-10-30 00:00:00,2024-11-01 10:00:00,EMEA,Team C,High,24,58,No,No,3,2024-10
TKT-1044,2024-04-08 00:00:00,2024-04-11 17:00:00,APAC,Team A,Medium,48,89,No,Yes,7,2024-04
TKT-1045,2024-12-05 00:00:00,2024-12-07 17:00:00,NA,Team A,High,24,65,No,Yes,4,2024-12
TKT-1046,2024-12-03 00:00:00,2024-12-03 21:00:00,EMEA,Team C,High,24,21,Yes,No,3,2024-12
TKT-1047,2024-10-15 00:00:00,2024-10-16 21:00:00,EMEA,Team C,Medium,48,45,Yes,No,1,2024-10
TKT-1048,2024-05-14 00:00:00,2024-05-15 13:00:00,NA,Team A,High,24,37,No,No,2,2024-05
TKT-1049,2024-01-22 00:00:00,2024-01-22 23:00:00,APAC,Team A,High,24,23,Yes,No,2,2024-01
TKT-1050,2024-10-09 00:00:00,2024-10-11 14:00:00,EMEA,Team B,High,24,62,No,No,2,2024-10
TKT-1051,2024-11-12 00:00:00,2024-11-15 13:00:00,APAC,Team C,Medium,48,85,No,No,3,2024-11
TKT-1052,2024-08-07 00:00:00,2024-08-08 19:00:00,NA,Team A,Medium,48,43,Yes,No,1,2024-08
TKT-1053,2024-04-08 00:00:00,2024-04-12 00:00:00,NA,Team A,Low,72,96,No,No,3,2024-04
TKT-1054,2024-04-08 00:00:00,2024-04-11 10:00:00,APAC,Team B,Low,72,82,No,No,1,2024-04
TKT-1055,2024-06-09 00:00:00,2024-06-11 14:00:00,EMEA,Team B,Medium,48,62,No,No,1,2024-06
TKT-1056,2024-08-10 00:00:00,2024-08-11 23:00:00,NA,Team A,High,24,47,No,No,2,2024-08
TKT-1057,2024-12-07 00:00:00,2024-12-11 07:00:00,NA,Team A,Low,72,103,No,No,1,2024-12
TKT-1058,2024-09-29 00:00:00,2024-10-02 13:00:00,EMEA,Team C,Medium,48,85,No,No,1,2024-09
TKT-1059,2024-02-08 00:00:00,2024-02-12 09:00:00,NA,Team C,Low,72,105,No,Yes,5,2024-02
TKT-1060,2024-06-21 00:00:00,2024-06-24 11:00:00,EMEA,Team B,Medium,48,83,No,No,1,2024-06
TKT-1061,2024-05-21 00:00:00,2024-05-22 17:00:00,NA,Team C,Medium,48,41,Yes,No,2,2024-05
TKT-1062,2024-10-14 00:00:00,2024-10-16 14:00:00,APAC,Team A,Medium,48,62,No,No,1,2024-10
TKT-1063,2024-07-04 00:00:00,2024-07-05 13:00:00,NA,Team B,High,24,37,No,No,2,2024-07
TKT-1064,2024-10-31 00:00:00,2024-10-31 17:00:00,EMEA,Team C,High,24,17,Yes,No,0,2024-10
TKT-1065,2024-09-27 00:00:00,2024-09-28 22:00:00,India,Team C,High,24,46,No,No,1,2024-09
TKT-1066,2024-09-20 00:00:00,2024-09-21 19:00:00,APAC,Team B,Medium,48,43,Yes,No,2,2024-09
TKT-1067,2024-09-18 00:00:00,2024-09-19 17:00:00,EMEA,Team A,High,24,41,No,No,0,2024-09
TKT-1068,2024-02-16 00:00:00,2024-02-18 05:00:00,EMEA,Team B,Medium,48,53,No,No,1,2024-02
TKT-1069,2024-09-25 00:00:00,2024-09-26 10:00:00,EMEA,Team A,High,24,34,No,No,2,2024-09
TKT-1070,2024-04-01 00:00:00,2024-04-03 14:00:00,India,Team B,Medium,48,62,No,No,2,2024-04
TKT-1071,2024-05-06 00:00:00,2024-05-07 16:00:00,EMEA,Team A,Medium,48,40,Yes,No,2,2024-05
TKT-1072,2024-08-26 00:00:00,2024-08-28 07:00:00,India,Team B,High,24,55,No,No,2,2024-08
TKT-1073,2024-08-24 00:00:00,2024-08-25 15:00:00,NA,Team C,High,24,39,No,No,3,2024-08
TKT-1074,2024-12-14 00:00:00,2024-12-15 05:00:00,India,Team C,High,24,29,No,No,1,2024-12
TKT-1075,2024-03-26 00:00:00,2024-03-27 01:00:00,EMEA,Team A,High,24,25,No,No,0,2024-03
TKT-1076,2024-08-07 00:00:00,2024-08-10 17:00:00,EMEA,Team B,Low,72,89,No,No,0,2024-08
TKT-1077,2024-08-25 00:00:00,2024-08-27 17:00:00,NA,Team B,Medium,48,65,No,No,2,2024-08
TKT-1078,2024-12-06 00:00:00,2024-12-08 19:00:00,NA,Team A,Medium,48,67,No,No,1,2024-12
TKT-1079,2024-12-22 00:00:00,2024-12-25 00:00:00,NA,Team A,Medium,48,72,No,No,3,2024-12
TKT-1080,2024-09-06 00:00:00,2024-09-07 11:00:00,NA,Team B,High,24,35,No,Yes,4,2024-09
TKT-1081,2024-09-03 00:00:00,2024-09-05 18:00:00,EMEA,Team B,High,24,66,No,Yes,6,2024-09
TKT-1082,2024-04-10 00:00:00,2024-04-12 22:00:00,APAC,Team A,Medium,48,70,No,No,3,2024-04
TKT-1083,2024-01-12 00:00:00,2024-01-12 13:00:00,NA,Team C,High,24,13,Yes,No,0,2024-01
TKT-1084,2024-09-09 00:00:00,2024-09-11 22:00:00,APAC,Team B,Medium,48,70,No,No,0,2024-09
TKT-1085,2024-08-02 00:00:00,2024-08-03 19:00:00,APAC,Team C,Medium,48,43,Yes,No,0,2024-08
TKT-1086,2024-04-02 00:00:00,2024-04-05 23:00:00,India,Team C,Low,72,95,No,No,1,2024-04
TKT-1087,2024-04-24 00:00:00,2024-04-27 10:00:00,NA,Team A,Medium,48,82,No,No,1,2024-04
TKT-1088,2024-03-15 00:00:00,2024-03-16 04:00:00,APAC,Team A,High,24,28,No,Yes,4,2024-03
TKT-1089,2024-07-10 00:00:00,2024-07-14 06:00:00,APAC,Team C,Low,72,102,No,No,2,2024-07
TKT-1090,2024-04-05 00:00:00,2024-04-07 06:00:00,APAC,Team A,Medium,48,54,No,No,3,2024-04
TKT-1091,2024-10-05 00:00:00,2024-10-07 06:00:00,APAC,Team B,Medium,48,54,No,No,1,2024-10
TKT-1092,2024-03-02 00:00:00,2024-03-04 10:00:00,EMEA,Team C,Medium,48,58,No,No,2,2024-03
TKT-1093,2024-06-25 00:00:00,2024-06-29 04:00:00,India,Team A,Low,72,100,No,No,0,2024-06
TKT-1094,2024-03-16 00:00:00,2024-03-19 16:00:00,NA,Team C,Medium,48,88,No,No,3,2024-03
TKT-1095,2024-05-23 00:00:00,2024-05-25 14:00:00,NA,Team B,Medium,48,62,No,No,1,2024-05
TKT-1096,2024-02-22 00:00:00,2024-02-26 09:00:00,NA,Team B,Low,72,105,No,No,2,2024-02
TKT-1097,2024-07-04 00:00:00,2024-07-07 18:00:00,APAC,Team A,Low,72,90,No,No,0,2024-07
TKT-1098,2024-05-01 00:00:00,2024-05-02 05:00:00,APAC,Team A,High,24,29,No,No,3,2024-05
TKT-1099,2024-01-09 00:00:00,2024-01-10 22:00:00,APAC,Team C,Medium,48,46,Yes,No,2,2024-01
TKT-1100,2024-06-22 00:00:00,2024-06-24 16:00:00,APAC,Team B,Medium,48,64,No,No,1,2024-06
TKT-1101,2024-05-01 00:00:00,2024-05-05 03:00:00,APAC,Team A,Low,72,99,No,No,1,2024-05
TKT-1102,2024-12-04 00:00:00,2024-12-07 00:00:00,NA,Team A,Low,72,72,Yes,No,3,2024-12
TKT-1103,2024-08-04 00:00:00,2024-08-06 13:00:00,India,Team C,High,24,61,No,No,3,2024-08
TKT-1104,2024-06-30 00:00:00,2024-06-30 18:00:00,EMEA,Team A,High,24,18,Yes,No,2,2024-06
TKT-1105,2024-06-21 00:00:00,2024-06-23 15:00:00,APAC,Team A,Medium,48,63,No,No,0,2024-06
TKT-1106,2024-05-05 00:00:00,2024-05-07 15:00:00,NA,Team B,Medium,48,63,No,No,0,2024-05
TKT-1107,2024-11-12 00:00:00,2024-11-15 18:00:00,NA,Team B,Low,72,90,No,No,3,2024-11
TKT-1108,2024-11-07 00:00:00,2024-11-10 18:00:00,NA,Team A,Medium,48,90,No,Yes,4,2024-11
TKT-1109,2024-05-28 00:00:00,2024-05-30 08:00:00,APAC,Team C,Medium,48,56,No,No,0,2024-05
TKT-1110,2024-07-21 00:00:00,2024-07-24 16:00:00,APAC,Team C,Medium,48,88,No,No,3,2024-07
TKT-1111,2024-08-20 00:00:00,2024-08-21 14:00:00,NA,Team B,Medium,48,38,Yes,No,1,2024-08
TKT-1112,2024-02-23 00:00:00,2024-02-26 03:00:00,APAC,Team C,Low,72,75,No,No,2,2024-02
TKT-1113,2024-11-25 00:00:00,2024-11-28 23:00:00,EMEA,Team C,Low,72,95,No,Yes,4,2024-11
TKT-1114,2024-06-12 00:00:00,2024-06-13 19:00:00,NA,Team C,High,24,43,No,No,2,2024-06
TKT-1115,2024-12-22 00:00:00,2024-12-23 15:00:00,APAC,Team B,High,24,39,No,Yes,4,2024-12
TKT-1116,2024-08-07 00:00:00,2024-08-10 00:00:00,EMEA,Team C,Medium,48,72,No,No,1,2024-08
TKT-1117,2024-09-09 00:00:00,2024-09-12 01:00:00,APAC,Team C,Medium,48,73,No,Yes,4,2024-09
TKT-1118,2024-08-29 00:00:00,2024-08-31 22:00:00,APAC,Team A,Medium,48,70,No,No,1,2024-08
TKT-1119,2024-03-05 00:00:00,2024-03-07 18:00:00,APAC,Team A,Medium,48,66,No,No,3,2024-03
TKT-1120,2024-12-07 00:00:00,2024-12-11 08:00:00,EMEA,Team B,Low,72,104,No,No,2,2024-12
TKT-1121,2024-04-08 00:00:00,2024-04-09 08:00:00,EMEA,Team B,High,24,32,No,No,0,2024-04
TKT-1122,2024-11-06 00:00:00,2024-11-07 17:00:00,NA,Team B,High,24,41,No,Yes,8,2024-11
TKT-1123,2024-01-01 00:00:00,2024-01-04 07:00:00,NA,Team A,Medium,48,79,No,No,2,2024-01
TKT-1124,2024-10-14 00:00:00,2024-10-15 18:00:00,NA,Team C,High,24,42,No,No,0,2024-10
TKT-1125,2024-03-12 00:00:00,2024-03-14 21:00:00,APAC,Team A,Medium,48,69,No,No,0,2024-03
TKT-1126,2024-04-27 00:00:00,2024-04-29 12:00:00,NA,Team A,Medium,48,60,No,Yes,4,2024-04
TKT-1127,2024-04-21 00:00:00,2024-04-22 04:00:00,India,Team A,High,24,28,No,No,3,2024-04
TKT-1128,2024-04-12 00:00:00,2024-04-14 03:00:00,India,Team B,High,24,51,No,No,1,2024-04
TKT-1129,2024-11-01 00:00:00,2024-11-04 01:00:00,APAC,Team B,Medium,48,73,No,No,2,2024-11
TKT-1130,2024-11-03 00:00:00,2024-11-07 11:00:00,India,Team A,Low,72,107,No,No,3,2024-11
TKT-1131,2024-02-20 00:00:00,2024-02-22 02:00:00,NA,Team B,Medium,48,50,No,Yes,5,2024-02
TKT-1132,2024-02-03 00:00:00,2024-02-05 10:00:00,APAC,Team B,High,24,58,No,No,2,2024-02
TKT-1133,2024-08-27 00:00:00,2024-08-30 07:00:00,India,Team C,Low,72,79,No,No,2,2024-08
TKT-1134,2024-04-04 00:00:00,2024-04-06 19:00:00,EMEA,Team A,Low,72,67,Yes,No,2,2024-04
TKT-1135,2024-07-02 00:00:00,2024-07-03 14:00:00,APAC,Team C,High,24,38,No,Yes,4,2024-07
TKT-1136,2024-10-03 00:00:00,2024-10-05 11:00:00,India,Team B,Medium,48,59,No,No,1,2024-10
TKT-1137,2024-11-21 00:00:00,2024-11-25 04:00:00,EMEA,Team B,Low,72,100,No,No,0,2024-11
TKT-1138,2024-01-12 00:00:00,2024-01-15 03:00:00,EMEA,Team C,Low,72,75,No,No,1,2024-01
TKT-1139,2024-08-05 00:00:00,2024-08-09 12:00:00,NA,Team C,Low,72,108,No,No,1,2024-08
TKT-1140,2024-04-30 00:00:00,2024-05-02 15:00:00,NA,Team C,High,24,63,No,No,2,2024-04
TKT-1141,2024-03-01 00:00:00,2024-03-03 23:00:00,NA,Team B,Medium,48,71,No,No,0,2024-03
TKT-1142,2024-09-13 00:00:00,2024-09-14 22:00:00,India,Team B,High,24,46,No,No,0,2024-09
TKT-1143,2024-09-09 00:00:00,2024-09-10 21:00:00,EMEA,Team C,High,24,45,No,No,3,2024-09
TKT-1144,2024-03-18 00:00:00,2024-03-20 22:00:00,India,Team A,Low,72,70,Yes,No,2,2024-03
TKT-1145,2024-01-03 00:00:00,2024-01-06 07:00:00,EMEA,Team A,Medium,48,79,No,No,3,2024-01
TKT-1146,2024-08-14 00:00:00,2024-08-17 02:00:00,India,Team C,Medium,48,74,No,No,1,2024-08
TKT-1147,2024-01-28 00:00:00,2024-01-29 04:00:00,NA,Team B,High,24,28,No,No,0,2024-01
TKT-1148,2024-08-18 00:00:00,2024-08-22 07:00:00,India,Team A,Low,72,103,No,No,0,2024-08
TKT-1149,2024-01-25 00:00:00,2024-01-29 20:00:00,India,Team C,Low,72,116,No,Yes,5,2024-01
TKT-1150,2024-02-03 00:00:00,2024-02-05 06:00:00,NA,Team A,High,24,54,No,No,3,2024-02
TKT-1151,2024-01-06 00:00:00,2024-01-10 12:00:00,NA,Team A,Low,72,108,No,No,2,2024-01
TKT-1152,2024-08-16 00:00:00,2024-08-17 10:00:00,India,Team A,High,24,34,No,No,1,2024-08
TKT-1153,2024-07-16 00:00:00,2024-07-17 23:00:00,EMEA,Team C,High,24,47,No,No,3,2024-07
TKT-1154,2024-04-04 00:00:00,2024-04-05 20:00:00,NA,Team B,Medium,48,44,Yes,No,0,2024-04
TKT-1155,2024-09-03 00:00:00,2024-09-05 18:00:00,NA,Team A,Medium,48,66,No,No,0,2024-09
TKT-1156,2024-02-09 00:00:00,2024-02-12 03:00:00,EMEA,Team B,Medium,48,75,No,Yes,5,2024-02
TKT-1157,2024-03-02 00:00:00,2024-03-04 13:00:00,EMEA,Team A,High,24,61,No,No,3,2024-03
TKT-1158,2024-05-12 00:00:00,2024-05-13 08:00:00,EMEA,Team A,High,24,32,No,No,1,2024-05
TKT-1159,2024-07-30 00:00:00,2024-08-01 12:00:00,EMEA,Team C,High,24,60,No,No,1,2024-07
TKT-1160,2024-01-01 00:00:00,2024-01-03 02:00:00,India,Team B,Medium,48,50,No,No,2,2024-01
TKT-1161,2024-12-21 00:00:00,2024-12-24 01:00:00,NA,Team A,Low,72,73,No,No,2,2024-12
TKT-1162,2024-09-17 00:00:00,2024-09-21 07:00:00,NA,Team B,Low,72,103,No,No,0,2024-09
TKT-1163,2024-01-13 00:00:00,2024-01-15 02:00:00,APAC,Team B,High,24,50,No,No,1,2024-01
TKT-1164,2024-11-24 00:00:00,2024-11-27 23:00:00,EMEA,Team A,Low,72,95,No,No,3,2024-11
TKT-1165,2024-04-04 00:00:00,2024-04-05 04:00:00,EMEA,Team B,High,24,28,No,No,3,2024-04
TKT-1166,2024-05-16 00:00:00,2024-05-16 14:00:00,India,Team C,High,24,14,Yes,No,1,2024-05
TKT-1167,2024-10-22 00:00:00,2024-10-24 18:00:00,India,Team A,Medium,48,66,No,No,1,2024-10
TKT-1168,2024-11-23 00:00:00,2024-11-26 14:00:00,EMEA,Team B,Low,72,86,No,Yes,4,2024-11
TKT-1169,2024-03-18 00:00:00,2024-03-20 09:00:00,NA,Team A,High,24,57,No,No,3,2024-03
TKT-1170,2024-11-23 00:00:00,2024-11-27 05:00:00,India,Team C,Low,72,101,No,No,2,2024-11
TKT-1171,2024-12-18 00:00:00,2024-12-20 00:00:00,APAC,Team C,High,24,48,No,No,2,2024-12
TKT-1172,2024-11-04 00:00:00,2024-11-05 21:00:00,EMEA,Team C,Medium,48,45,Yes,No,2,2024-11
TKT-1173,2024-03-07 00:00:00,2024-03-09 06:00:00,India,Team C,Medium,48,54,No,No,2,2024-03
TKT-1174,2024-04-20 00:00:00,2024-04-22 04:00:00,APAC,Team B,High,24,52,No,Yes,4,2024-04
TKT-1175,2024-10-15 00:00:00,2024-10-17 09:00:00,India,Team A,Medium,48,57,No,No,0,2024-10
TKT-1176,2024-11-17 00:00:00,2024-11-20 07:00:00,EMEA,Team C,Medium,48,79,No,Yes,4,2024-11
TKT-1177,2024-12-30 00:00:00,2025-01-01 02:00:00,NA,Team A,Medium,48,50,No,No,0,2024-12
TKT-1178,2024-06-05 00:00:00,2024-06-07 12:00:00,APAC,Team A,High,24,60,No,No,2,2024-06
TKT-1179,2024-05-09 00:00:00,2024-05-10 23:00:00,APAC,Team C,High,24,47,No,No,0,2024-05
TKT-1180,2024-10-18 00:00:00,2024-10-20 01:00:00,NA,Team A,Medium,48,49,No,Yes,4,2024-10
TKT-1181,2024-07-18 00:00:00,2024-07-22 08:00:00,India,Team C,Low,72,104,No,No,1,2024-07
TKT-1182,2024-08-05 00:00:00,2024-08-09 12:00:00,NA,Team A,Low,72,108,No,No,3,2024-08
TKT-1183,2024-12-21 00:00:00,2024-12-24 09:00:00,APAC,Team B,Medium,48,81,No,No,2,2024-12
TKT-1184,2024-04-01 00:00:00,2024-04-04 18:00:00,EMEA,Team B,Low,72,90,No,No,1,2024-04
TKT-1185,2024-10-22 00:00:00,2024-10-24 04:00:00,EMEA,Team B,High,24,52,No,No,2,2024-10
TKT-1186,2024-12-11 00:00:00,2024-12-11 14:00:00,EMEA,Team B,High,24,14,Yes,No,1,2024-12
TKT-1187,2024-11-14 00:00:00,2024-11-17 04:00:00,India,Team A,Low,72,76,No,No,1,2024-11
TKT-1188,2024-05-28 00:00:00,2024-05-30 17:00:00,EMEA,Team B,Medium,48,65,No,No,2,2024-05
TKT-1189,2024-10-17 00:00:00,2024-10-20 11:00:00,APAC,Team A,Low,72,83,No,No,3,2024-10
TKT-1190,2024-12-12 00:00:00,2024-12-14 09:00:00,NA,Team C,High,24,57,No,No,1,2024-12
TKT-1191,2024-09-07 00:00:00,2024-09-09 20:00:00,EMEA,Team A,Low,72,68,Yes,No,1,2024-09
TKT-1192,2024-06-28 00:00:00,2024-07-01 15:00:00,APAC,Team A,Low,72,87,No,No,3,2024-06
TKT-1193,2024-06-02 00:00:00,2024-06-03 08:00:00,EMEA,Team B,High,24,32,No,No,0,2024-06
TKT-1194,2024-02-18 00:00:00,2024-02-19 13:00:00,EMEA,Team B,High,24,37,No,No,2,2024-02
TKT-1195,2024-03-03 00:00:00,2024-03-05 16:00:00,APAC,Team B,Medium,48,64,No,No,3,2024-03
TKT-1196,2024-07-29 00:00:00,2024-07-30 20:00:00,EMEA,Team B,High,24,44,No,No,2,2024-07
TKT-1197,2024-10-12 00:00:00,2024-10-12 19:00:00,India,Team A,High,24,19,Yes,No,3,2024-10
TKT-1198,2024-04-22 00:00:00,2024-04-23 16:00:00,EMEA,Team B,Medium,48,40,Yes,No,2,2024-04
TKT-1199,2024-09-20 00:00:00,2024-09-24 15:00:00,India,Team B,Low,72,111,No,No,3,2024-09
TKT-1200,2024-06-10 00:00:00,2024-06-13 17:00:00,EMEA,Team B,Low,72,89,No,No,1,2024-06
TKT-1201,2024-10-14 00:00:00,2024-10-14 18:00:00,EMEA,Team C,High,24,18,Yes,No,2,2024-10
TKT-1202,2024-09-11 00:00:00,2024-09-13 10:00:00,APAC,Team B,High,24,58,No,No,0,2024-09
TKT-1203,2024-08-16 00:00:00,2024-08-19 12:00:00,NA,Team B,Medium,48,84,No,No,1,2024-08
TKT-1204,2024-09-20 00:00:00,2024-09-22 19:00:00,NA,Team B,Medium,48,67,No,No,0,2024-09
TKT-1205,2024-03-28 00:00:00,2024-03-30 04:00:00,EMEA,Team C,High,24,52,No,Yes,5,2024-03
TKT-1206,2024-11-06 00:00:00,2024-11-07 20:00:00,India,Team A,Medium,48,44,Yes,No,1,2024-11
TKT-1207,2024-06-09 00:00:00,2024-06-12 08:00:00,India,Team A,Low,72,80,No,No,1,2024-06
TKT-1208,2024-02-05 00:00:00,2024-02-06 21:00:00,EMEA,Team C,Medium,48,45,Yes,Yes,4,2024-02
TKT-1209,2024-07-13 00:00:00,2024-07-15 05:00:00,EMEA,Team B,High,24,53,No,No,2,2024-07
TKT-1210,2024-09-12 00:00:00,2024-09-15 13:00:00,APAC,Team B,Low,72,85,No,No,2,2024-09
TKT-1211,2024-12-29 00:00:00,2024-12-31 11:00:00,APAC,Team C,High,24,59,No,No,1,2024-12
TKT-1212,2024-08-02 00:00:00,2024-08-05 05:00:00,India,Team B,Low,72,77,No,No,2,2024-08
TKT-1213,2024-01-09 00:00:00,2024-01-11 13:00:00,EMEA,Team C,Medium,48,61,No,No,2,2024-01
TKT-1214,2024-08-22 00:00:00,2024-08-25 18:00:00,EMEA,Team B,Low,72,90,No,No,1,2024-08
TKT-1215,2024-04-18 00:00:00,2024-04-22 07:00:00,EMEA,Team C,Low,72,103,No,Yes,5,2024-04
TKT-1216,2024-01-17 00:00:00,2024-01-18 15:00:00,NA,Team B,High,24,39,No,No,3,2024-01
TKT-1217,2024-01-27 00:00:00,2024-01-31 18:00:00,NA,Team A,Low,72,114,No,Yes,5,2024-01
TKT-1218,2024-07-08 00:00:00,2024-07-12 08:00:00,NA,Team A,Low,72,104,No,No,1,2024-07
TKT-1219,2024-07-11 00:00:00,2024-07-14 23:00:00,EMEA,Team B,Low,72,95,No,No,0,2024-07
TKT-1220,2024-10-08 00:00:00,2024-10-08 22:00:00,NA,Team B,High,24,22,Yes,No,0,2024-10
TKT-1221,2024-10-22 00:00:00,2024-10-23 21:00:00,NA,Team C,High,24,45,No,Yes,5,2024-10
TKT-1222,2024-09-02 00:00:00,2024-09-05 20:00:00,India,Team A,Low,72,92,No,No,0,2024-09
TKT-1223,2024-09-06 00:00:00,2024-09-08 07:00:00,India,Team C,Medium,48,55,No,No,0,2024-09
TKT-1224,2024-08-14 00:00:00,2024-08-15 02:00:00,EMEA,Team C,High,24,26,No,No,3,2024-08
TKT-1225,2024-06-02 00:00:00,2024-06-03 16:00:00,EMEA,Team C,Medium,48,40,Yes,No,2,2024-06
TKT-1226,2024-08-04 00:00:00,2024-08-08 06:00:00,India,Team C,Low,72,102,No,No,3,2024-08
TKT-1227,2024-04-17 00:00:00,2024-04-20 10:00:00,NA,Team B,Low,72,82,No,No,2,2024-04
TKT-1228,2024-04-10 00:00:00,2024-04-13 04:00:00,APAC,Team B,Low,72,76,No,No,0,2024-04
TKT-1229,2024-11-25 00:00:00,2024-11-26 07:00:00,NA,Team B,High,24,31,No,No,2,2024-11
TKT-1230,2024-08-03 00:00:00,2024-08-05 03:00:00,EMEA,Team B,High,24,51,No,Yes,7,2024-08
TKT-1231,2024-12-30 00:00:00,2025-01-01 05:00:00,NA,Team A,Medium,48,53,No,No,1,2024-12
TKT-1232,2024-07-17 00:00:00,2024-07-19 08:00:00,India,Team A,Medium,48,56,No,No,3,2024-07
TKT-1233,2024-04-26 00:00:00,2024-04-27 14:00:00,India,Team B,High,24,38,No,No,2,2024-04
TKT-1234,2024-03-22 00:00:00,2024-03-24 00:00:00,APAC,Team B,High,24,48,No,No,1,2024-03
TKT-1235,2024-04-12 00:00:00,2024-04-13 18:00:00,EMEA,Team A,High,24,42,No,No,0,2024-04
TKT-1236,2024-05-31 00:00:00,2024-06-01 23:00:00,EMEA,Team B,High,24,47,No,No,1,2024-05
TKT-1237,2024-05-10 00:00:00,2024-05-11 08:00:00,APAC,Team B,High,24,32,No,No,3,2024-05
TKT-1238,2024-01-04 00:00:00,2024-01-06 21:00:00,EMEA,Team A,Low,72,69,Yes,Yes,4,2024-01
TKT-1239,2024-11-06 00:00:00,2024-11-08 04:00:00,NA,Team C,Medium,48,52,No,No,2,2024-11
TKT-1240,2024-05-20 00:00:00,2024-05-22 13:00:00,EMEA,Team C,High,24,61,No,No,2,2024-05
TKT-1241,2024-01-29 00:00:00,2024-02-02 13:00:00,India,Team C,Low,72,109,No,No,3,2024-01
TKT-1242,2024-08-26 00:00:00,2024-08-28 04:00:00,India,Team B,High,24,52,No,No,1,2024-08
TKT-1243,2024-12-05 00:00:00,2024-12-08 05:00:00,APAC,Team C,Low,72,77,No,No,2,2024-12
TKT-1244,2024-06-06 00:00:00,2024-06-08 15:00:00,APAC,Team B,High,24,63,No,No,3,2024-06
TKT-1245,2024-03-13 00:00:00,2024-03-16 11:00:00,EMEA,Team B,Low,72,83,No,No,0,2024-03
TKT-1246,2024-05-19 00:00:00,2024-05-22 08:00:00,APAC,Team A,Medium,48,80,No,No,3,2024-05
TKT-1247,2024-11-14 00:00:00,2024-11-15 21:00:00,EMEA,Team C,Medium,48,45,Yes,No,3,2024-11
TKT-1248,2024-02-28 00:00:00,2024-03-01 12:00:00,APAC,Team A,High,24,60,No,No,2,2024-02
TKT-1249,2024-11-25 00:00:00,2024-11-27 13:00:00,EMEA,Team B,Medium,48,61,No,No,0,2024-11
TKT-1250,2024-08-28 00:00:00,2024-08-30 04:00:00,EMEA,Team B,Medium,48,52,No,Yes,4,2024-08
TKT-1251,2024-04-08 00:00:00,2024-04-12 02:00:00,EMEA,Team A,Low,72,98,No,No,2,2024-04
TKT-1252,2024-06-26 00:00:00,2024-06-29 18:00:00,NA,Team B,Medium,48,90,No,Yes,4,2024-06
TKT-1253,2024-03-29 00:00:00,2024-03-31 08:00:00,EMEA,Team A,High,24,56,No,No,2,2024-03
TKT-1254,2024-11-18 00:00:00,2024-11-18 16:00:00,NA,Team B,High,24,16,Yes,No,1,2024-11
TKT-1255,2024-08-13 00:00:00,2024-08-14 19:00:00,APAC,Team B,High,24,43,No,Yes,4,2024-08
TKT-1256,2024-05-03 00:00:00,2024-05-04 18:00:00,APAC,Team A,Medium,48,42,Yes,No,1,2024-05
TKT-1257,2024-06-24 00:00:00,2024-06-28 13:00:00,NA,Team B,Low,72,109,No,No,1,2024-06
TKT-1258,2024-10-10 00:00:00,2024-10-12 04:00:00,APAC,Team C,Medium,48,52,No,No,0,2024-10
TKT-1259,2024-04-23 00:00:00,2024-04-25 09:00:00,APAC,Team C,High,24,57,No,No,3,2024-04
TKT-1260,2024-12-19 00:00:00,2024-12-21 21:00:00,India,Team A,High,24,69,No,Yes,5,2024-12
TKT-1261,2024-06-17 00:00:00,2024-06-20 07:00:00,India,Team B,Medium,48,79,No,No,1,2024-06
TKT-1262,2024-12-21 00:00:00,2024-12-25 10:00:00,APAC,Team A,Low,72,106,No,No,2,2024-12
TKT-1263,2024-02-14 00:00:00,2024-02-17 12:00:00,APAC,Team C,Low,72,84,No,No,1,2024-02
TKT-1264,2024-06-08 00:00:00,2024-06-12 03:00:00,APAC,Team B,Low,72,99,No,No,2,2024-06
TKT-1265,2024-09-14 00:00:00,2024-09-15 23:00:00,NA,Team C,High,24,47,No,No,2,2024-09
TKT-1266,2024-01-13 00:00:00,2024-01-14 17:00:00,EMEA,Team C,High,24,41,No,No,3,2024-01
TKT-1267,2024-12-30 00:00:00,2024-12-31 19:00:00,NA,Team B,High,24,43,No,No,1,2024-12
TKT-1268,2024-03-14 00:00:00,2024-03-16 06:00:00,EMEA,Team C,High,24,54,No,No,3,2024-03
TKT-1269,2024-10-04 00:00:00,2024-10-05 18:00:00,EMEA,Team C,High,24,42,No,No,2,2024-10
TKT-1270,2024-07-10 00:00:00,2024-07-10 23:00:00,India,Team B,High,24,23,Yes,No,1,2024-07
TKT-1271,2024-07-11 00:00:00,2024-07-13 05:00:00,NA,Team C,Medium,48,53,No,No,0,2024-07
TKT-1272,2024-11-01 00:00:00,2024-11-02 07:00:00,EMEA,Team C,High,24,31,No,Yes,4,2024-11
TKT-1273,2024-01-07 00:00:00,2024-01-10 20:00:00,India,Team B,Low,72,92,No,No,0,2024-01
TKT-1274,2024-05-13 00:00:00,2024-05-15 14:00:00,EMEA,Team C,Medium,48,62,No,No,2,2024-05
TKT-1275,2024-01-26 00:00:00,2024-01-28 17:00:00,India,Team A,Low,72,65,Yes,No,1,2024-01
TKT-1276,2024-04-08 00:00:00,2024-04-11 18:00:00,India,Team A,Low,72,90,No,No,1,2024-04
TKT-1277,2024-06-05 00:00:00,2024-06-08 04:00:00,India,Team B,Low,72,76,No,No,3,2024-06
TKT-1278,2024-01-27 00:00:00,2024-01-30 20:00:00,NA,Team C,Low,72,92,No,No,2,2024-01
TKT-1279,2024-01-21 00:00:00,2024-01-24 11:00:00,APAC,Team B,Medium,48,83,No,Yes,5,2024-01
TKT-1280,2024-01-15 00:00:00,2024-01-16 15:00:00,EMEA,Team C,High,24,39,No,No,2,2024-01
TKT-1281,2024-01-12 00:00:00,2024-01-15 18:00:00,APAC,Team C,Low,72,90,No,No,3,2024-01
TKT-1282,2024-05-24 00:00:00,2024-05-26 19:00:00,APAC,Team B,Low,72,67,Yes,No,0,2024-05
TKT-1283,2024-03-19 00:00:00,2024-03-20 20:00:00,India,Team C,High,24,44,No,No,2,2024-03
TKT-1284,2024-06-29 00:00:00,2024-07-01 23:00:00,APAC,Team A,Medium,48,71,No,No,3,2024-06
TKT-1285,2024-07-24 00:00:00,2024-07-27 00:00:00,APAC,Team C,Low,72,72,Yes,No,2,2024-07
TKT-1286,2024-06-14 00:00:00,2024-06-15 11:00:00,NA,Team A,High,24,35,No,No,1,2024-06
TKT-1287,2024-04-26 00:00:00,2024-04-29 14:00:00,EMEA,Team B,Low,72,86,No,No,3,2024-04
TKT-1288,2024-09-30 00:00:00,2024-10-03 20:00:00,EMEA,Team B,Low,72,92,No,Yes,4,2024-09
TKT-1289,2024-10-15 00:00:00,2024-10-17 07:00:00,NA,Team C,Medium,48,55,No,Yes,4,2024-10
TKT-1290,2024-02-15 00:00:00,2024-02-16 11:00:00,India,Team C,High,24,35,No,No,1,2024-02
TKT-1291,2024-04-01 00:00:00,2024-04-04 00:00:00,APAC,Team B,Medium,48,72,No,No,2,2024-04
TKT-1292,2024-01-02 00:00:00,2024-01-05 04:00:00,EMEA,Team B,Low,72,76,No,No,2,2024-01
TKT-1293,2024-04-25 00:00:00,2024-04-28 03:00:00,APAC,Team A,Medium,48,75,No,No,1,2024-04
TKT-1294,2024-12-24 00:00:00,2024-12-26 09:00:00,India,Team B,High,24,57,No,No,2,2024-12
TKT-1295,2024-10-31 00:00:00,2024-10-31 19:00:00,EMEA,Team C,High,24,19,Yes,No,1,2024-10
TKT-1296,2024-01-09 00:00:00,2024-01-11 21:00:00,APAC,Team A,Medium,48,69,No,No,1,2024-01
TKT-1297,2024-02-10 00:00:00,2024-02-13 02:00:00,APAC,Team C,Low,72,74,No,Yes,4,2024-02
TKT-1298,2024-03-24 00:00:00,2024-03-27 10:00:00,India,Team B,Medium,48,82,No,No,3,2024-03
TKT-1299,2024-07-06 00:00:00,2024-07-09 01:00:00,APAC,Team A,Low,72,73,No,No,1,2024-07
TKT-1300,2024-03-27 00:00:00,2024-03-31 15:00:00,NA,Team C,Low,72,111,No,No,3,2024-03
TKT-1301,2024-12-21 00:00:00,2024-12-24 13:00:00,APAC,Team B,Medium,48,85,No,No,3,2024-12
TKT-1302,2024-03-22 00:00:00,2024-03-23 06:00:00,EMEA,Team B,High,24,30,No,No,0,2024-03
TKT-1303,2024-05-29 00:00:00,2024-05-30 19:00:00,APAC,Team A,High,24,43,No,No,2,2024-05
TKT-1304,2024-07-20 00:00:00,2024-07-23 04:00:00,NA,Team B,Low,72,76,No,No,1,2024-07
TKT-1305,2024-12-18 00:00:00,2024-12-21 17:00:00,EMEA,Team C,Low,72,89,No,No,3,2024-12
TKT-1306,2024-10-19 00:00:00,2024-10-22 09:00:00,APAC,Team C,Low,72,81,No,No,1,2024-10
TKT-1307,2024-05-31 00:00:00,2024-06-04 03:00:00,NA,Team A,Low,72,99,No,No,3,2024-05
TKT-1308,2024-08-15 00:00:00,2024-08-17 05:00:00,APAC,Team B,Medium,48,53,No,No,3,2024-08
TKT-1309,2024-05-10 00:00:00,2024-05-13 01:00:00,India,Team C,Low,72,73,No,No,3,2024-05
TKT-1310,2024-04-09 00:00:00,2024-04-10 05:00:00,EMEA,Team A,High,24,29,No,No,2,2024-04
TKT-1311,2024-01-02 00:00:00,2024-01-05 14:00:00,India,Team B,Medium,48,86,No,No,2,2024-01
TKT-1312,2024-01-14 00:00:00,2024-01-15 21:00:00,India,Team C,Medium,48,45,Yes,No,2,2024-01
TKT-1313,2024-05-24 00:00:00,2024-05-28 04:00:00,NA,Team B,Low,72,100,No,No,2,2024-05
TKT-1314,2024-09-17 00:00:00,2024-09-19 12:00:00,EMEA,Team C,High,24,60,No,No,2,2024-09
TKT-1315,2024-10-29 00:00:00,2024-10-30 07:00:00,EMEA,Team A,High,24,31,No,No,2,2024-10
TKT-1316,2024-04-02 00:00:00,2024-04-03 11:00:00,NA,Team B,High,24,35,No,No,2,2024-04
TKT-1317,2024-09-20 00:00:00,2024-09-22 11:00:00,EMEA,Team B,Medium,48,59,No,No,2,2024-09
TKT-1318,2024-10-10 00:00:00,2024-10-14 00:00:00,EMEA,Team A,Low,72,96,No,No,0,2024-10
TKT-1319,2024-06-23 00:00:00,2024-06-26 10:00:00,India,Team A,Low,72,82,No,Yes,4,2024-06
TKT-1320,2024-04-17 00:00:00,2024-04-20 03:00:00,EMEA,Team A,Low,72,75,No,No,1,2024-04
TKT-1321,2024-05-09 00:00:00,2024-05-12 00:00:00,NA,Team B,Medium,48,72,No,No,0,2024-05
TKT-1322,2024-01-20 00:00:00,2024-01-22 12:00:00,APAC,Team A,Low,72,60,Yes,No,0,2024-01
TKT-1323,2024-04-28 00:00:00,2024-04-28 18:00:00,APAC,Team A,High,24,18,Yes,No,1,2024-04
TKT-1324,2024-06-09 00:00:00,2024-06-11 07:00:00,APAC,Team C,High,24,55,No,No,1,2024-06
TKT-1325,2024-10-02 00:00:00,2024-10-04 01:00:00,NA,Team A,High,24,49,No,No,2,2024-10
TKT-1326,2024-08-04 00:00:00,2024-08-06 16:00:00,EMEA,Team C,Medium,48,64,No,No,3,2024-08
TKT-1327,2024-10-20 00:00:00,2024-10-24 10:00:00,NA,Team C,Low,72,106,No,No,1,2024-10
TKT-1328,2024-11-03 00:00:00,2024-11-05 12:00:00,NA,Team C,Medium,48,60,No,No,2,2024-11
TKT-1329,2024-05-08 00:00:00,2024-05-12 03:00:00,NA,Team C,Low,72,99,No,No,1,2024-05
TKT-1330,2024-01-05 00:00:00,2024-01-09 01:00:00,EMEA,Team B,Low,72,97,No,Yes,4,2024-01
TKT-1331,2024-04-23 00:00:00,2024-04-26 20:00:00,APAC,Team A,Low,72,92,No,No,3,2024-04
TKT-1332,2024-11-23 00:00:00,2024-11-26 03:00:00,NA,Team B,Medium,48,75,No,Yes,6,2024-11
TKT-1333,2024-07-10 00:00:00,2024-07-11 20:00:00,APAC,Team A,Medium,48,44,Yes,No,0,2024-07
TKT-1334,2024-06-09 00:00:00,2024-06-11 23:00:00,EMEA,Team C,Low,72,71,Yes,Yes,4,2024-06
TKT-1335,2024-04-07 00:00:00,2024-04-09 03:00:00,India,Team C,High,24,51,No,No,1,2024-04
TKT-1336,2024-01-19 00:00:00,2024-01-20 04:00:00,EMEA,Team A,High,24,28,No,Yes,5,2024-01
TKT-1337,2024-03-29 00:00:00,2024-03-30 06:00:00,EMEA,Team C,High,24,30,No,No,2,2024-03
TKT-1338,2024-11-11 00:00:00,2024-11-14 07:00:00,NA,Team A,Medium,48,79,No,No,3,2024-11
TKT-1339,2024-09-23 00:00:00,2024-09-25 20:00:00,NA,Team A,Low,72,68,Yes,No,3,2024-09
TKT-1340,2024-03-25 00:00:00,2024-03-28 19:00:00,NA,Team C,Low,72,91,No,No,3,2024-03
TKT-1341,2024-06-01 00:00:00,2024-06-03 11:00:00,APAC,Team B,High,24,59,No,No,2,2024-06
TKT-1342,2024-08-15 00:00:00,2024-08-17 20:00:00,NA,Team C,Medium,48,68,No,Yes,5,2024-08
TKT-1343,2024-04-16 00:00:00,2024-04-19 10:00:00,NA,Team A,Medium,48,82,No,No,0,2024-04
TKT-1344,2024-04-26 00:00:00,2024-04-28 14:00:00,India,Team B,Medium,48,62,No,No,3,2024-04
TKT-1345,2024-05-20 00:00:00,2024-05-21 17:00:00,India,Team C,Medium,48,41,Yes,No,1,2024-05
TKT-1346,2024-02-21 00:00:00,2024-02-25 01:00:00,NA,Team C,Low,72,97,No,Yes,4,2024-02
TKT-1347,2024-05-25 00:00:00,2024-05-28 15:00:00,NA,Team B,Medium,48,87,No,Yes,4,2024-05
TKT-1348,2024-03-14 00:00:00,2024-03-18 09:00:00,India,Team A,Low,72,105,No,No,2,2024-03
TKT-1349,2024-10-24 00:00:00,2024-10-26 16:00:00,EMEA,Team C,Low,72,64,Yes,No,2,2024-10
TKT-1350,2024-06-20 00:00:00,2024-06-24 05:00:00,India,Team B,Low,72,101,No,No,0,2024-06
TKT-1351,2024-02-16 00:00:00,2024-02-19 04:00:00,NA,Team A,Low,72,76,No,Yes,4,2024-02
TKT-1352,2024-09-27 00:00:00,2024-09-30 21:00:00,India,Team C,Low,72,93,No,Yes,4,2024-09
TKT-1353,2024-12-12 00:00:00,2024-12-15 03:00:00,EMEA,Team C,Low,72,75,No,No,3,2024-12
TKT-1354,2024-12-10 00:00:00,2024-12-13 23:00:00,India,Team C,Low,72,95,No,No,0,2024-12
TKT-1355,2024-08-29 00:00:00,2024-09-01 09:00:00,EMEA,Team A,Medium,48,81,No,No,1,2024-08
TKT-1356,2024-08-13 00:00:00,2024-08-15 04:00:00,APAC,Team C,High,24,52,No,No,2,2024-08
TKT-1357,2024-05-22 00:00:00,2024-05-25 00:00:00,EMEA,Team C,Low,72,72,Yes,No,1,2024-05
TKT-1358,2024-05-17 00:00:00,2024-05-19 16:00:00,NA,Team B,Medium,48,64,No,No,2,2024-05
TKT-1359,2024-09-14 00:00:00,2024-09-16 09:00:00,EMEA,Team C,High,24,57,No,No,2,2024-09
TKT-1360,2024-05-04 00:00:00,2024-05-06 12:00:00,India,Team A,Medium,48,60,No,No,3,2024-05
TKT-1361,2024-03-08 00:00:00,2024-03-11 13:00:00,APAC,Team C,Medium,48,85,No,No,2,2024-03
TKT-1362,2024-02-05 00:00:00,2024-02-06 20:00:00,NA,Team C,High,24,44,No,No,0,2024-02
TKT-1363,2024-06-12 00:00:00,2024-06-12 19:00:00,APAC,Team C,High,24,19,Yes,No,1,2024-06
TKT-1364,2024-07-14 00:00:00,2024-07-16 01:00:00,India,Team A,High,24,49,No,No,3,2024-07
TKT-1365,2024-05-28 00:00:00,2024-05-31 11:00:00,India,Team A,Medium,48,83,No,No,2,2024-05
TKT-1366,2024-02-27 00:00:00,2024-03-02 05:00:00,NA,Team B,Low,72,101,No,Yes,4,2024-02
TKT-1367,2024-10-12 00:00:00,2024-10-13 20:00:00,NA,Team B,Medium,48,44,Yes,No,2,2024-10
TKT-1368,2024-11-28 00:00:00,2024-12-01 09:00:00,EMEA,Team C,Medium,48,81,No,No,2,2024-11
TKT-1369,2024-06-06 00:00:00,2024-06-09 03:00:00,NA,Team C,Low,72,75,No,No,2,2024-06
TKT-1370,2024-05-15 00:00:00,2024-05-17 09:00:00,India,Team A,High,24,57,No,No,3,2024-05
TKT-1371,2024-04-27 00:00:00,2024-04-29 14:00:00,NA,Team C,High,24,62,No,Yes,6,2024-04
TKT-1372,2024-10-14 00:00:00,2024-10-15 03:00:00,APAC,Team C,High,24,27,No,No,0,2024-10
TKT-1373,2024-02-07 00:00:00,2024-02-09 01:00:00,EMEA,Team C,High,24,49,No,No,1,2024-02
TKT-1374,2024-05-30 00:00:00,2024-06-02 10:00:00,NA,Team C,Low,72,82,No,No,1,2024-05
TKT-1375,2024-09-14 00:00:00,2024-09-15 16:00:00,India,Team A,High,24,40,No,No,3,2024-09
TKT-1376,2024-06-02 00:00:00,2024-06-05 15:00:00,APAC,Team A,Medium,48,87,No,Yes,5,2024-06
TKT-1377,2024-01-12 00:00:00,2024-01-15 07:00:00,NA,Team C,Low,72,79,No,No,1,2024-01
TKT-1378,2024-10-17 00:00:00,2024-10-19 00:00:00,EMEA,Team B,Medium,48,48,Yes,No,3,2024-10
TKT-1379,2024-01-14 00:00:00,2024-01-16 08:00:00,APAC,Team A,Medium,48,56,No,No,0,2024-01
TKT-1380,2024-06-11 00:00:00,2024-06-14 07:00:00,NA,Team C,Low,72,79,No,No,1,2024-06
TKT-1381,2024-07-24 00:00:00,2024-07-27 02:00:00,India,Team A,Medium,48,74,No,No,3,2024-07
TKT-1382,2024-06-12 00:00:00,2024-06-13 05:00:00,EMEA,Team C,High,24,29,No,No,1,2024-06
TKT-1383,2024-11-05 00:00:00,2024-11-06 18:00:00,EMEA,Team A,High,24,42,No,Yes,5,2024-11
TKT-1384,2024-01-25 00:00:00,2024-01-26 01:00:00,APAC,Team A,High,24,25,No,No,1,2024-01
TKT-1385,2024-10-14 00:00:00,2024-10-15 15:00:00,EMEA,Team A,High,24,39,No,No,0,2024-10
TKT-1386,2024-05-20 00:00:00,2024-05-22 14:00:00,APAC,Team A,High,24,62,No,Yes,4,2024-05
TKT-1387,2024-09-10 00:00:00,2024-09-10 20:00:00,APAC,Team B,High,24,20,Yes,No,2,2024-09
TKT-1388,2024-09-22 00:00:00,2024-09-23 20:00:00,NA,Team A,High,24,44,No,No,1,2024-09
TKT-1389,2024-02-25 00:00:00,2024-02-25 22:00:00,India,Team B,High,24,22,Yes,No,1,2024-02
TKT-1390,2024-04-08 00:00:00,2024-04-10 15:00:00,APAC,Team C,Medium,48,63,No,No,0,2024-04
TKT-1391,2024-07-08 00:00:00,2024-07-10 05:00:00,EMEA,Team C,Medium,48,53,No,No,1,2024-07
TKT-1392,2024-09-08 00:00:00,2024-09-11 04:00:00,EMEA,Team A,Medium,48,76,No,No,2,2024-09
TKT-1393,2024-12-24 00:00:00,2024-12-26 01:00:00,APAC,Team A,High,24,49,No,No,1,2024-12
TKT-1394,2024-05-03 00:00:00,2024-05-07 06:00:00,India,Team A,Low,72,102,No,Yes,4,2024-05
TKT-1395,2024-01-07 00:00:00,2024-01-09 13:00:00,NA,Team A,Medium,48,61,No,No,2,2024-01
TKT-1396,2024-05-12 00:00:00,2024-05-14 13:00:00,India,Team B,Low,72,61,Yes,No,0,2024-05
TKT-1397,2024-03-02 00:00:00,2024-03-04 04:00:00,EMEA,Team A,Medium,48,52,No,No,1,2024-03
TKT-1398,2024-05-28 00:00:00,2024-06-01 04:00:00,NA,Team C,Low,72,100,No,No,1,2024-05
TKT-1399,2024-03-05 00:00:00,2024-03-09 06:00:00,EMEA,Team A,Low,72,102,No,No,3,2024-03
TKT-1400,2024-06-21 00:00:00,2024-06-22 04:00:00,India,Team B,High,24,28,No,No,0,2024-06
TKT-1401,2024-07-06 00:00:00,2024-07-09 17:00:00,APAC,Team C,Low,72,89,No,No,2,2024-07
TKT-1402,2024-07-14 00:00:00,2024-07-15 22:00:00,India,Team B,High,24,46,No,No,3,2024-07
TKT-1403,2024-02-11 00:00:00,2024-02-13 21:00:00,India,Team B,High,24,69,No,Yes,5,2024-02
TKT-1404,2024-01-29 00:00:00,2024-02-01 07:00:00,EMEA,Team B,Medium,48,79,No,No,2,2024-01
TKT-1405,2024-10-03 00:00:00,2024-10-05 08:00:00,EMEA,Team B,Medium,48,56,No,No,3,2024-10
TKT-1406,2024-12-08 00:00:00,2024-12-11 21:00:00,India,Team B,Low,72,93,No,No,1,2024-12
TKT-1407,2024-03-27 00:00:00,2024-03-29 12:00:00,India,Team A,Medium,48,60,No,No,1,2024-03
TKT-1408,2024-02-12 00:00:00,2024-02-13 08:00:00,EMEA,Team B,High,24,32,No,No,2,2024-02
TKT-1409,2024-05-12 00:00:00,2024-05-15 03:00:00,EMEA,Team C,Medium,48,75,No,No,2,2024-05
TKT-1410,2024-05-18 00:00:00,2024-05-19 00:00:00,APAC,Team B,High,24,24,Yes,Yes,4,2024-05
TKT-1411,2024-12-15 00:00:00,2024-12-17 23:00:00,APAC,Team C,Low,72,71,Yes,No,1,2024-12
TKT-1412,2024-02-07 00:00:00,2024-02-11 11:00:00,India,Team A,Low,72,107,No,No,0,2024-02
TKT-1413,2024-08-07 00:00:00,2024-08-08 22:00:00,India,Team C,Medium,48,46,Yes,Yes,4,2024-08
TKT-1414,2024-02-18 00:00:00,2024-02-21 06:00:00,APAC,Team B,Medium,48,78,No,No,1,2024-02
TKT-1415,2024-06-17 00:00:00,2024-06-21 05:00:00,EMEA,Team C,Low,72,101,No,No,3,2024-06
TKT-1416,2024-05-19 00:00:00,2024-05-21 02:00:00,NA,Team B,Medium,48,50,No,No,1,2024-05
TKT-1417,2024-06-29 00:00:00,2024-07-02 03:00:00,EMEA,Team A,Low,72,75,No,No,3,2024-06
TKT-1418,2024-09-27 00:00:00,2024-09-28 05:00:00,India,Team C,High,24,29,No,No,0,2024-09
TKT-1419,2024-07-01 00:00:00,2024-07-04 03:00:00,NA,Team B,Medium,48,75,No,No,0,2024-07
TKT-1420,2024-11-10 00:00:00,2024-11-11 21:00:00,India,Team B,High,24,45,No,No,2,2024-11
TKT-1421,2024-07-31 00:00:00,2024-08-01 12:00:00,NA,Team C,High,24,36,No,No,2,2024-07
TKT-1422,2024-05-01 00:00:00,2024-05-03 18:00:00,NA,Team C,Medium,48,66,No,Yes,5,2024-05
TKT-1423,2024-05-05 00:00:00,2024-05-07 17:00:00,APAC,Team A,Medium,48,65,No,Yes,4,2024-05
TKT-1424,2024-05-29 00:00:00,2024-05-30 09:00:00,APAC,Team B,High,24,33,No,No,2,2024-05
TKT-1425,2024-09-14 00:00:00,2024-09-16 02:00:00,EMEA,Team B,Medium,48,50,No,No,0,2024-09
TKT-1426,2024-10-09 00:00:00,2024-10-11 11:00:00,APAC,Team A,High,24,59,No,No,2,2024-10
TKT-1427,2024-10-04 00:00:00,2024-10-05 12:00:00,APAC,Team C,High,24,36,No,No,3,2024-10
TKT-1428,2024-01-23 00:00:00,2024-01-25 13:00:00,NA,Team A,High,24,61,No,Yes,4,2024-01
TKT-1429,2024-07-04 00:00:00,2024-07-04 12:00:00,NA,Team B,High,24,12,Yes,No,0,2024-07
TKT-1430,2024-12-29 00:00:00,2025-01-01 23:00:00,APAC,Team A,Low,72,95,No,No,2,2024-12
TKT-1431,2024-11-15 00:00:00,2024-11-18 13:00:00,NA,Team B,Medium,48,85,No,No,2,2024-11
TKT-1432,2024-08-18 00:00:00,2024-08-21 05:00:00,India,Team B,Medium,48,77,No,No,3,2024-08
TKT-1433,2024-03-26 00:00:00,2024-03-30 03:00:00,NA,Team C,Low,72,99,No,No,3,2024-03
TKT-1434,2024-01-20 00:00:00,2024-01-22 19:00:00,NA,Team B,Low,72,67,Yes,No,1,2024-01
TKT-1435,2024-11-07 00:00:00,2024-11-11 12:00:00,EMEA,Team C,Low,72,108,No,No,1,2024-11
TKT-1436,2024-05-11 00:00:00,2024-05-14 11:00:00,APAC,Team C,Medium,48,83,No,Yes,4,2024-05
TKT-1437,2024-12-24 00:00:00,2024-12-27 01:00:00,EMEA,Team A,Medium,48,73,No,No,0,2024-12
TKT-1438,2024-09-16 00:00:00,2024-09-18 06:00:00,APAC,Team A,Medium,48,54,No,No,1,2024-09
TKT-1439,2024-04-28 00:00:00,2024-04-30 21:00:00,NA,Team C,Low,72,69,Yes,No,3,2024-04
TKT-1440,2024-09-10 00:00:00,2024-09-12 12:00:00,EMEA,Team C,Medium,48,60,No,No,3,2024-09
TKT-1441,2024-10-31 00:00:00,2024-11-02 13:00:00,India,Team C,Medium,48,61,No,No,1,2024-10
TKT-1442,2024-04-18 00:00:00,2024-04-20 12:00:00,India,Team A,Medium,48,60,No,No,3,2024-04
TKT-1443,2024-06-21 00:00:00,2024-06-22 22:00:00,APAC,Team B,High,24,46,No,No,1,2024-06
TKT-1444,2024-05-25 00:00:00,2024-05-28 17:00:00,APAC,Team A,Low,72,89,No,No,1,2024-05
TKT-1445,2024-09-07 00:00:00,2024-09-08 23:00:00,NA,Team A,Medium,48,47,Yes,No,3,2024-09
TKT-1446,2024-09-16 00:00:00,2024-09-17 04:00:00,APAC,Team B,High,24,28,No,No,1,2024-09
TKT-1447,2024-07-16 00:00:00,2024-07-17 05:00:00,APAC,Team B,High,24,29,No,Yes,4,2024-07
TKT-1448,2024-02-19 00:00:00,2024-02-21 19:00:00,EMEA,Team B,Medium,48,67,No,No,1,2024-02
TKT-1449,2024-09-10 00:00:00,2024-09-13 06:00:00,NA,Team A,Medium,48,78,No,Yes,4,2024-09
TKT-1450,2024-10-28 00:00:00,2024-11-01 02:00:00,India,Team A,Low,72,98,No,No,1,2024-10
TKT-1451,2024-02-18 00:00:00,2024-02-21 10:00:00,India,Team B,Medium,48,82,No,Yes,4,2024-02
TKT-1452,2024-05-08 00:00:00,2024-05-10 06:00:00,India,Team C,High,24,54,No,No,1,2024-05
TKT-1453,2024-06-30 00:00:00,2024-07-03 20:00:00,India,Team C,Low,72,92,No,No,1,2024-06
TKT-1454,2024-03-24 00:00:00,2024-03-26 11:00:00,APAC,Team B,High,24,59,No,No,2,2024-03
TKT-1455,2024-04-15 00:00:00,2024-04-19 00:00:00,EMEA,Team A,Low,72,96,No,No,1,2024-04
TKT-1456,2024-08-07 00:00:00,2024-08-08 18:00:00,India,Team C,High,24,42,No,No,3,2024-08
TKT-1457,2024-07-23 00:00:00,2024-07-26 01:00:00,APAC,Team B,Medium,48,73,No,No,1,2024-07
TKT-1458,2024-07-02 00:00:00,2024-07-05 05:00:00,EMEA,Team C,Low,72,77,No,No,0,2024-07
TKT-1459,2024-09-06 00:00:00,2024-09-08 18:00:00,India,Team A,Medium,48,66,No,No,2,2024-09
TKT-1460,2024-01-07 00:00:00,2024-01-08 02:00:00,NA,Team B,High,24,26,No,No,0,2024-01
TKT-1461,2024-06-08 00:00:00,2024-06-10 15:00:00,India,Team A,High,24,63,No,Yes,4,2024-06
TKT-1462,2024-05-21 00:00:00,2024-05-23 19:00:00,EMEA,Team B,Medium,48,67,No,No,3,2024-05
TKT-1463,2024-10-31 00:00:00,2024-11-04 10:00:00,APAC,Team C,Low,72,106,No,No,3,2024-10
TKT-1464,2024-06-09 00:00:00,2024-06-13 07:00:00,APAC,Team A,Low,72,103,No,No,1,2024-06
TKT-1465,2024-11-22 00:00:00,2024-11-25 21:00:00,NA,Team C,Low,72,93,No,No,3,2024-11
TKT-1466,2024-02-12 00:00:00,2024-02-15 09:00:00,EMEA,Team A,Low,72,81,No,No,0,2024-02
TKT-1467,2024-06-25 00:00:00,2024-06-25 19:00:00,NA,Team C,High,24,19,Yes,No,1,2024-06
TKT-1468,2024-04-07 00:00:00,2024-04-09 15:00:00,EMEA,Team C,Low,72,63,Yes,No,1,2024-04
TKT-1469,2024-01-22 00:00:00,2024-01-25 08:00:00,APAC,Team B,Medium,48,80,No,No,3,2024-01
TKT-1470,2024-03-26 00:00:00,2024-03-28 01:00:00,NA,Team C,Medium,48,49,No,No,2,2024-03
TKT-1471,2024-04-08 00:00:00,2024-04-10 19:00:00,APAC,Team C,Medium,48,67,No,No,0,2024-04
TKT-1472,2024-10-03 00:00:00,2024-10-07 11:00:00,EMEA,Team B,Low,72,107,No,No,1,2024-10
TKT-1473,2024-08-01 00:00:00,2024-08-03 03:00:00,NA,Team C,High,24,51,No,No,0,2024-08
TKT-1474,2024-07-31 00:00:00,2024-08-02 03:00:00,India,Team A,Medium,48,51,No,No,1,2024-07
TKT-1475,2024-06-16 00:00:00,2024-06-19 16:00:00,India,Team A,Low,72,88,No,No,2,2024-06
TKT-1476,2024-09-04 00:00:00,2024-09-06 23:00:00,EMEA,Team B,Low,72,71,Yes,No,3,2024-09
TKT-1477,2024-06-15 00:00:00,2024-06-17 07:00:00,EMEA,Team A,Medium,48,55,No,Yes,5,2024-06
TKT-1478,2024-01-08 00:00:00,2024-01-11 12:00:00,NA,Team B,Low,72,84,No,No,2,2024-01
TKT-1479,2024-03-12 00:00:00,2024-03-15 15:00:00,NA,Team B,Low,72,87,No,Yes,4,2024-03
TKT-1480,2024-09-24 00:00:00,2024-09-27 10:00:00,NA,Team A,Medium,48,82,No,No,1,2024-09
TKT-1481,2024-09-15 00:00:00,2024-09-18 19:00:00,EMEA,Team C,Low,72,91,No,No,2,2024-09
TKT-1482,2024-05-08 00:00:00,2024-05-10 19:00:00,APAC,Team A,Low,72,67,Yes,No,0,2024-05
TKT-1483,2024-04-10 00:00:00,2024-04-13 06:00:00,EMEA,Team A,Low,72,78,No,Yes,5,2024-04
TKT-1484,2024-01-12 00:00:00,2024-01-15 14:00:00,EMEA,Team B,Low,72,86,No,No,3,2024-01
TKT-1485,2024-06-06 00:00:00,2024-06-09 03:00:00,NA,Team A,Medium,48,75,No,No,1,2024-06
TKT-1486,2024-08-10 00:00:00,2024-08-10 18:00:00,India,Team C,High,24,18,Yes,No,1,2024-08
TKT-1487,2024-01-25 00:00:00,2024-01-25 15:00:00,EMEA,Team C,High,24,15,Yes,No,0,2024-01
TKT-1488,2024-10-07 00:00:00,2024-10-11 02:00:00,APAC,Team B,Low,72,98,No,No,2,2024-10
TKT-1489,2024-07-07 00:00:00,2024-07-09 03:00:00,EMEA,Team A,High,24,51,No,No,1,2024-07
TKT-1490,2024-05-13 00:00:00,2024-05-17 14:00:00,APAC,Team B,Low,72,110,No,No,2,2024-05
TKT-1491,2024-12-29 00:00:00,2024-12-31 18:00:00,India,Team B,Low,72,66,Yes,No,2,2024-12
TKT-1492,2024-03-16 00:00:00,2024-03-17 10:00:00,NA,Team B,High,24,34,No,No,1,2024-03
TKT-1493,2024-06-04 00:00:00,2024-06-07 10:00:00,APAC,Team C,Low,72,82,No,No,1,2024-06
TKT-1494,2024-06-11 00:00:00,2024-06-15 12:00:00,APAC,Team A,Low,72,108,No,No,1,2024-06
TKT-1495,2024-12-03 00:00:00,2024-12-03 22:00:00,APAC,Team C,High,24,22,Yes,No,3,2024-12
TKT-1496,2024-04-17 00:00:00,2024-04-18 09:00:00,EMEA,Team A,High,24,33,No,No,3,2024-04
TKT-1497,2024-03-06 00:00:00,2024-03-10 12:00:00,APAC,Team B,Low,72,108,No,No,1,2024-03
TKT-1498,2024-07-19 00:00:00,2024-07-21 18:00:00,APAC,Team B,Low,72,66,Yes,No,2,2024-07
TKT-1499,2024-01-04 00:00:00,2024-01-05 12:00:00,NA,Team A,High,24,36,No,No,2,2024-01
TKT-1500,2024-08-14 00:00:00,2024-08-15 04:00:00,EMEA,Team C,High,24,28,No,Yes,4,2024-08
TKT-1501,2024-12-20 00:00:00,2024-12-21 02:00:00,EMEA,Team A,High,24,26,No,No,0,2024-12
TKT-1502,2024-07-28 00:00:00,2024-07-30 18:00:00,EMEA,Team A,Medium,48,66,No,No,2,2024-07
TKT-1503,2024-12-19 00:00:00,2024-12-23 04:00:00,EMEA,Team A,Low,72,100,No,No,3,2024-12
TKT-1504,2024-05-26 00:00:00,2024-05-27 09:00:00,EMEA,Team C,High,24,33,No,No,1,2024-05
TKT-1505,2024-10-07 00:00:00,2024-10-10 03:00:00,EMEA,Team B,Medium,48,75,No,No,1,2024-10
TKT-1506,2024-08-02 00:00:00,2024-08-05 06:00:00,India,Team A,Low,72,78,No,No,0,2024-08
TKT-1507,2024-04-19 00:00:00,2024-04-21 00:00:00,India,Team A,Medium,48,48,Yes,No,3,2024-04
TKT-1508,2024-07-24 00:00:00,2024-07-26 16:00:00,NA,Team C,High,24,64,No,No,3,2024-07
TKT-1509,2024-04-29 00:00:00,2024-05-02 21:00:00,EMEA,Team A,Low,72,93,No,No,2,2024-04
TKT-1510,2024-09-21 00:00:00,2024-09-23 12:00:00,APAC,Team A,Medium,48,60,No,No,0,2024-09
TKT-1511,2024-05-21 00:00:00,2024-05-24 21:00:00,EMEA,Team B,Low,72,93,No,No,2,2024-05
TKT-1512,2024-02-10 00:00:00,2024-02-11 15:00:00,India,Team B,Medium,48,39,Yes,No,0,2024-02
TKT-1513,2024-09-20 00:00:00,2024-09-23 07:00:00,APAC,Team B,Low,72,79,No,No,2,2024-09
TKT-1514,2024-03-02 00:00:00,2024-03-06 00:00:00,NA,Team C,Low,72,96,No,No,1,2024-03
TKT-1515,2024-09-23 00:00:00,2024-09-24 13:00:00,APAC,Team C,High,24,37,No,No,3,2024-09
TKT-1516,2024-12-22 00:00:00,2024-12-23 22:00:00,NA,Team B,Medium,48,46,Yes,No,1,2024-12
TKT-1517,2024-11-19 00:00:00,2024-11-21 21:00:00,NA,Team B,Medium,48,69,No,No,1,2024-11
TKT-1518,2024-03-05 00:00:00,2024-03-07 10:00:00,NA,Team C,Medium,48,58,No,No,0,2024-03
TKT-1519,2024-11-27 00:00:00,2024-11-28 10:00:00,India,Team A,High,24,34,No,No,2,2024-11
TKT-1520,2024-01-26 00:00:00,2024-01-27 10:00:00,APAC,Team A,High,24,34,No,No,1,2024-01
TKT-1521,2024-11-02 00:00:00,2024-11-03 23:00:00,India,Team A,Medium,48,47,Yes,Yes,4,2024-11
TKT-1522,2024-03-16 00:00:00,2024-03-18 20:00:00,EMEA,Team A,Low,72,68,Yes,Yes,4,2024-03
TKT-1523,2024-03-12 00:00:00,2024-03-14 14:00:00,EMEA,Team A,Medium,48,62,No,No,1,2024-03
TKT-1524,2024-07-28 00:00:00,2024-07-28 23:00:00,APAC,Team A,High,24,23,Yes,No,2,2024-07
TKT-1525,2024-12-27 00:00:00,2024-12-31 04:00:00,NA,Team C,Low,72,100,No,No,3,2024-12
TKT-1526,2024-08-24 00:00:00,2024-08-26 01:00:00,APAC,Team A,Medium,48,49,No,No,3,2024-08
TKT-1527,2024-02-12 00:00:00,2024-02-15 09:00:00,India,Team B,Medium,48,81,No,No,2,2024-02
TKT-1528,2024-12-28 00:00:00,2024-12-30 04:00:00,EMEA,Team B,High,24,52,No,No,0,2024-12
TKT-1529,2024-09-21 00:00:00,2024-09-24 08:00:00,NA,Team B,Medium,48,80,No,No,3,2024-09
TKT-1530,2024-07-01 00:00:00,2024-07-04 17:00:00,APAC,Team A,Medium,48,89,No,Yes,4,2024-07
TKT-1531,2024-02-14 00:00:00,2024-02-15 23:00:00,India,Team B,Medium,48,47,Yes,No,2,2024-02
TKT-1532,2024-04-18 00:00:00,2024-04-19 03:00:00,NA,Team A,High,24,27,No,Yes,4,2024-04
TKT-1533,2024-06-01 00:00:00,2024-06-03 10:00:00,APAC,Team B,High,24,58,No,No,1,2024-06
TKT-1534,2024-08-02 00:00:00,2024-08-05 07:00:00,EMEA,Team C,Low,72,79,No,No,0,2024-08
TKT-1535,2024-12-03 00:00:00,2024-12-05 06:00:00,NA,Team C,High,24,54,No,No,3,2024-12
TKT-1536,2024-05-26 00:00:00,2024-05-27 08:00:00,India,Team C,High,24,32,No,No,3,2024-05
TKT-1537,2024-02-10 00:00:00,2024-02-11 05:00:00,EMEA,Team B,High,24,29,No,Yes,4,2024-02
TKT-1538,2024-07-28 00:00:00,2024-07-30 04:00:00,APAC,Team C,High,24,52,No,No,1,2024-07
TKT-1539,2024-01-28 00:00:00,2024-01-28 15:00:00,India,Team B,High,24,15,Yes,No,1,2024-01
TKT-1540,2024-04-02 00:00:00,2024-04-05 03:00:00,India,Team A,Low,72,75,No,No,0,2024-04
TKT-1541,2024-12-15 00:00:00,2024-12-17 01:00:00,APAC,Team C,Medium,48,49,No,No,1,2024-12
TKT-1542,2024-08-22 00:00:00,2024-08-25 12:00:00,NA,Team C,Low,72,84,No,No,2,2024-08
TKT-1543,2024-03-02 00:00:00,2024-03-05 21:00:00,NA,Team B,Low,72,93,No,No,3,2024-03
TKT-1544,2024-10-03 00:00:00,2024-10-07 07:00:00,India,Team C,Low,72,103,No,No,3,2024-10
TKT-1545,2024-05-01 00:00:00,2024-05-04 21:00:00,APAC,Team B,Low,72,93,No,No,1,2024-05
TKT-1546,2024-07-13 00:00:00,2024-07-15 17:00:00,NA,Team A,High,24,65,No,No,3,2024-07
TKT-1547,2024-06-08 00:00:00,2024-06-10 08:00:00,India,Team C,High,24,56,No,No,3,2024-06
TKT-1548,2024-10-16 00:00:00,2024-10-16 17:00:00,NA,Team A,High,24,17,Yes,No,1,2024-10
TKT-1549,2024-02-25 00:00:00,2024-02-28 11:00:00,EMEA,Team C,Low,72,83,No,No,3,2024-02
TKT-1550,2024-05-05 00:00:00,2024-05-07 18:00:00,India,Team A,Low,72,66,Yes,No,1,2024-05
TKT-1551,2024-06-24 00:00:00,2024-06-25 19:00:00,APAC,Team C,Medium,48,43,Yes,No,2,2024-06
TKT-1552,2024-04-22 00:00:00,2024-04-23 13:00:00,NA,Team C,High,24,37,No,No,1,2024-04
TKT-1553,2024-03-07 00:00:00,2024-03-11 10:00:00,India,Team C,Low,72,106,No,No,2,2024-03
TKT-1554,2024-08-21 00:00:00,2024-08-22 04:00:00,EMEA,Team B,High,24,28,No,No,1,2024-08
TKT-1555,2024-09-01 00:00:00,2024-09-03 09:00:00,India,Team A,High,24,57,No,No,2,2024-09
TKT-1556,2024-05-03 00:00:00,2024-05-07 20:00:00,India,Team A,Low,72,116,No,Yes,5,2024-05
TKT-1557,2024-05-05 00:00:00,2024-05-06 19:00:00,EMEA,Team B,Medium,48,43,Yes,No,2,2024-05
TKT-1558,2024-03-09 00:00:00,2024-03-10 23:00:00,India,Team A,High,24,47,No,No,1,2024-03
TKT-1559,2024-12-30 00:00:00,2025-01-03 01:00:00,NA,Team A,Low,72,97,No,No,3,2024-12
TKT-1560,2024-04-18 00:00:00,2024-04-22 11:00:00,EMEA,Team C,Low,72,107,No,No,1,2024-04
TKT-1561,2024-01-21 00:00:00,2024-01-22 17:00:00,EMEA,Team B,High,24,41,No,No,3,2024-01
TKT-1562,2024-05-04 00:00:00,2024-05-05 10:00:00,EMEA,Team C,High,24,34,No,No,3,2024-05
TKT-1563,2024-04-08 00:00:00,2024-04-09 16:00:00,India,Team A,High,24,40,No,Yes,4,2024-04
TKT-1564,2024-01-08 00:00:00,2024-01-11 04:00:00,APAC,Team C,Low,72,76,No,No,0,2024-01
TKT-1565,2024-04-10 00:00:00,2024-04-12 16:00:00,EMEA,Team B,Medium,48,64,No,No,1,2024-04
TKT-1566,2024-04-26 00:00:00,2024-04-28 12:00:00,EMEA,Team B,Medium,48,60,No,No,2,2024-04
TKT-1567,2024-09-02 00:00:00,2024-09-05 06:00:00,APAC,Team A,Low,72,78,No,No,1,2024-09
TKT-1568,2024-07-02 00:00:00,2024-07-03 12:00:00,EMEA,Team C,High,24,36,No,No,3,2024-07
TKT-1569,2024-06-02 00:00:00,2024-06-06 09:00:00,APAC,Team C,Low,72,105,No,Yes,4,2024-06
TKT-1570,2024-03-15 00:00:00,2024-03-16 02:00:00,India,Team B,High,24,26,No,No,2,2024-03
TKT-1571,2024-07-10 00:00:00,2024-07-14 18:00:00,India,Team B,Low,72,114,No,Yes,4,2024-07
TKT-1572,2024-08-26 00:00:00,2024-08-28 00:00:00,India,Team B,Medium,48,48,Yes,No,2,2024-08
TKT-1573,2024-11-23 00:00:00,2024-11-25 09:00:00,EMEA,Team A,High,24,57,No,Yes,4,2024-11
TKT-1574,2024-11-18 00:00:00,2024-11-21 09:00:00,APAC,Team B,Low,72,81,No,No,3,2024-11
TKT-1575,2024-04-23 00:00:00,2024-04-24 16:00:00,NA,Team C,High,24,40,No,Yes,4,2024-04
TKT-1576,2024-07-22 00:00:00,2024-07-23 21:00:00,APAC,Team C,High,24,45,No,No,2,2024-07
TKT-1577,2024-10-29 00:00:00,2024-10-31 23:00:00,EMEA,Team A,Medium,48,71,No,No,3,2024-10
TKT-1578,2024-05-14 00:00:00,2024-05-17 23:00:00,EMEA,Team B,Low,72,95,No,No,0,2024-05
TKT-1579,2024-01-25 00:00:00,2024-01-26 02:00:00,EMEA,Team A,High,24,26,No,No,1,2024-01
TKT-1580,2024-08-19 00:00:00,2024-08-22 20:00:00,India,Team B,Low,72,92,No,Yes,5,2024-08
TKT-1581,2024-09-21 00:00:00,2024-09-22 04:00:00,EMEA,Team B,High,24,28,No,No,3,2024-09
TKT-1582,2024-12-20 00:00:00,2024-12-22 14:00:00,NA,Team B,Medium,48,62,No,Yes,4,2024-12
TKT-1583,2024-05-02 00:00:00,2024-05-06 01:00:00,EMEA,Team C,Low,72,97,No,No,2,2024-05
TKT-1584,2024-08-21 00:00:00,2024-08-23 15:00:00,EMEA,Team B,Low,72,63,Yes,No,1,2024-08
TKT-1585,2024-01-13 00:00:00,2024-01-15 18:00:00,APAC,Team C,Low,72,66,Yes,No,2,2024-01
TKT-1586,2024-08-02 00:00:00,2024-08-04 08:00:00,EMEA,Team A,High,24,56,No,No,3,2024-08
TKT-1587,2024-11-16 00:00:00,2024-11-19 02:00:00,EMEA,Team C,Low,72,74,No,No,1,2024-11
TKT-1588,2024-01-21 00:00:00,2024-01-23 14:00:00,NA,Team C,Medium,48,62,No,No,1,2024-01
TKT-1589,2024-08-01 00:00:00,2024-08-02 21:00:00,NA,Team B,High,24,45,No,No,1,2024-08
TKT-1590,2024-03-14 00:00:00,2024-03-17 23:00:00,NA,Team B,Low,72,95,No,No,2,2024-03
TKT-1591,2024-01-14 00:00:00,2024-01-16 13:00:00,India,Team A,Medium,48,61,No,No,1,2024-01
TKT-1592,2024-11-30 00:00:00,2024-12-02 14:00:00,NA,Team A,Medium,48,62,No,No,2,2024-11
TKT-1593,2024-09-20 00:00:00,2024-09-22 03:00:00,EMEA,Team B,Medium,48,51,No,No,1,2024-09
TKT-1594,2024-10-16 00:00:00,2024-10-19 21:00:00,India,Team A,Low,72,93,No,No,0,2024-10
TKT-1595,2024-05-06 00:00:00,2024-05-07 23:00:00,APAC,Team C,Medium,48,47,Yes,No,0,2024-05
TKT-1596,2024-02-18 00:00:00,2024-02-20 18:00:00,EMEA,Team C,Medium,48,66,No,No,1,2024-02
TKT-1597,2024-06-02 00:00:00,2024-06-05 01:00:00,APAC,Team C,Low,72,73,No,Yes,4,2024-06
TKT-1598,2024-11-20 00:00:00,2024-11-23 17:00:00,NA,Team B,Low,72,89,No,No,1,2024-11
TKT-1599,2024-05-18 00:00:00,2024-05-18 22:00:00,NA,Team C,High,24,22,Yes,No,1,2024-05
TKT-1600,2024-06-10 00:00:00,2024-06-12 23:00:00,India,Team B,Low,72,71,Yes,No,3,2024-06
